drug_id,first_approval
CHEMBL467,1967
CHEMBL596,1968
CHEMBL695,1946
CHEMBL298734,2020
CHEMBL393220,1996
CHEMBL517712,1960
CHEMBL1696,1964
CHEMBL1738,1995
CHEMBL1200934,1989
CHEMBL1208155,2018
CHEMBL1237119,2002
CHEMBL1256958,1965
CHEMBL2107797,1968
CHEMBL2107841,2014
CHEMBL2111286,1996
CHEMBL3544986,2015
CHEMBL3545181,2004
CHEMBL3707248,2017
CHEMBL3990014,2023
CHEMBL4594260,2020
CHEMBL5315080,2020
CHEMBL6068343,2011
CHEMBL54,1967
CHEMBL1358,2002
CHEMBL1473,1990
CHEMBL608533,2017
CHEMBL1200392,1948
CHEMBL1201670,1991
CHEMBL1743078,2022
CHEMBL1963681,2011
CHEMBL2103795,2011
CHEMBL2103837,2011
CHEMBL2107815,2013
CHEMBL2108593,2007
CHEMBL3402762,2020
CHEMBL3989401,1991
CHEMBL4297911,2022
CHEMBL4594262,2019
CHEMBL5315049,2021
CHEMBL5315055,2013
CHEMBL6067998,2009
CHEMBL548,1977
CHEMBL299400,1978
CHEMBL94454,1998
CHEMBL1164729,2008
CHEMBL1200480,1988
CHEMBL1200776,2004
CHEMBL1201572,1998
CHEMBL1201745,2008
CHEMBL1201754,2007
CHEMBL1567328,2003
CHEMBL1743034,2016
CHEMBL1743087,2014
CHEMBL2107884,2016
CHEMBL3545185,2019
CHEMBL3707348,2017
CHEMBL3989937,2020
CHEMBL4297734,2019
CHEMBL4303214,2023
CHEMBL5315054,2017
CHEMBL41355,2011
CHEMBL1054,1960
CHEMBL344159,2009
CHEMBL1479,1976
CHEMBL1200332,1967
CHEMBL1200515,1957
CHEMBL1200622,1998
CHEMBL1200908,1990
CHEMBL1201192,2007
CHEMBL1201630,1979
CHEMBL1743007,2015
CHEMBL1789844,2011
CHEMBL2105720,2015
CHEMBL2146883,2015
CHEMBL3187985,2001
CHEMBL472,1984
CHEMBL81,1997
CHEMBL612,1955
CHEMBL748,1964
CHEMBL295698,2021
CHEMBL117287,2009
CHEMBL1339,2003
CHEMBL256997,2014
CHEMBL1750,2004
CHEMBL1200798,1981
CHEMBL1200952,1943
CHEMBL1201610,1950
CHEMBL1201631,1982
CHEMBL1201581,1998
CHEMBL2103873,2010
CHEMBL2108081,2016
CHEMBL2108667,2002
CHEMBL405,1955
CHEMBL452,1975
CHEMBL635,1955
CHEMBL738,1982
CHEMBL744,1995
CHEMBL781,1973
CHEMBL294199,2009
CHEMBL995,1995
CHEMBL89598,2009
CHEMBL334966,2015
CHEMBL240597,1983
CHEMBL1763,1959
CHEMBL1097279,2015
CHEMBL1472989,1992
CHEMBL1568057,1973
CHEMBL1795071,2011
CHEMBL1808388,2023
CHEMBL2068724,2004
CHEMBL2104391,2004
CHEMBL2108966,2007
CHEMBL3545184,2016
CHEMBL3989694,2008
CHEMBL4204794,2020
CHEMBL4297528,2020
CHEMBL4594278,2023
CHEMBL4594328,2023
CHEMBL5095474,2023
CHEMBL305660,1990
CHEMBL70418,2005
CHEMBL1094,1993
CHEMBL1131,1996
CHEMBL1174,1998
CHEMBL1409,1994
CHEMBL521686,2014
CHEMBL1654,1998
CHEMBL1200328,2004
CHEMBL1200545,1977
CHEMBL1200806,1980
CHEMBL1200837,2000
CHEMBL1201020,1977
CHEMBL2108348,2017
CHEMBL2110732,2018
CHEMBL2135460,2022
CHEMBL2311030,1953
CHEMBL2368861,1981
CHEMBL3545057,1982
CHEMBL3989516,2018
CHEMBL4297229,2019
CHEMBL4297588,2021
CHEMBL4594265,2019
CHEMBL5315076,2016
CHEMBL1113,1980
CHEMBL1399,1995
CHEMBL373742,2014
CHEMBL1444,1997
CHEMBL1521,1999
CHEMBL1200648,1994
CHEMBL1200759,1997
CHEMBL1201092,1998
CHEMBL1201580,2002
CHEMBL1201749,2008
CHEMBL1516474,2002
CHEMBL2103822,2014
CHEMBL2103867,2017
CHEMBL2109093,2002
CHEMBL2159122,2015
CHEMBL3348963,2017
CHEMBL3544988,2023
CHEMBL3701238,2022
CHEMBL3989798,2001
CHEMBL3989932,2017
CHEMBL4594251,2017
CHEMBL46,1991
CHEMBL488,1980
CHEMBL107,1961
CHEMBL957,2001
CHEMBL1480,1991
CHEMBL1561,1996
CHEMBL1751,1975
CHEMBL1082407,2012
CHEMBL1201173,1969
CHEMBL1201863,2009
CHEMBL1743082,2013
CHEMBL2103830,2018
CHEMBL2105758,2018
CHEMBL2108027,2014
CHEMBL2356097,1992
CHEMBL3181841,2015
CHEMBL3833320,2020
CHEMBL4594230,2013
CHEMBL5315078,2022
CHEMBL606,1988
CHEMBL284348,2010
CHEMBL866,2004
CHEMBL928,1974
CHEMBL953,1998
CHEMBL1070,1991
CHEMBL1481,1995
CHEMBL1533,1992
CHEMBL1690,1955
CHEMBL1707,1976
CHEMBL1082607,1994
CHEMBL1200976,1990
CHEMBL1201605,1997
CHEMBL1201891,2017
CHEMBL1628502,2011
CHEMBL1789843,2011
CHEMBL1908360,2009
CHEMBL2107386,2014
CHEMBL3137301,2015
CHEMBL3185958,1967
CHEMBL3244648,1953
CHEMBL4066936,2021
CHEMBL4297534,2018
CHEMBL4594406,2022
CHEMBL4650485,2023
CHEMBL4802130,2021
CHEMBL6068431,2024
CHEMBL17157,1985
CHEMBL960,1998
CHEMBL190461,2018
CHEMBL211471,2013
CHEMBL544665,2010
CHEMBL1200377,1996
CHEMBL1200807,2001
CHEMBL1201115,1986
CHEMBL1201148,1982
CHEMBL1201827,2006
CHEMBL1742992,2014
CHEMBL2103744,1984
CHEMBL2104987,2012
CHEMBL2105709,2023
CHEMBL2110372,1983
CHEMBL2219425,2015
CHEMBL3301624,2020
CHEMBL3707226,2013
CHEMBL4084119,2009
CHEMBL4298138,2023
CHEMBL121,1999
CHEMBL981,2008
CHEMBL354077,2009
CHEMBL1395,1973
CHEMBL1466,1944
CHEMBL271227,2011
CHEMBL1200561,1990
CHEMBL1201587,2001
CHEMBL1201533,1998
CHEMBL1201836,2009
CHEMBL1448187,1959
CHEMBL2105748,2009
CHEMBL2107885,1996
CHEMBL2108724,2017
CHEMBL3286830,2018
CHEMBL3990044,2022
CHEMBL4297533,2019
CHEMBL4297551,2021
CHEMBL4297820,2023
CHEMBL4298211,2021
CHEMBL797,1982
CHEMBL1021,2005
CHEMBL142703,2007
CHEMBL1251,1999
CHEMBL1373,1998
CHEMBL189963,2015
CHEMBL206253,2014
CHEMBL1532,1963
CHEMBL1560,1981
CHEMBL1574,1959
CHEMBL502097,2013
CHEMBL473417,2012
CHEMBL1715,1999
CHEMBL1200389,1996
CHEMBL1200475,1996
CHEMBL1200538,1965
CHEMBL1200728,1939
CHEMBL1201184,2007
CHEMBL1201506,2000
CHEMBL1201577,2004
CHEMBL1201534,1996
CHEMBL1201775,2007
CHEMBL1683544,2010
CHEMBL1742990,2011
CHEMBL2107067,2014
CHEMBL2108185,2010
CHEMBL2111290,2010
CHEMBL3989691,2008
CHEMBL3989716,1971
CHEMBL4297603,2024
CHEMBL4298062,2020
CHEMBL4298167,2020
CHEMBL4650274,2021
CHEMBL11662,1988
CHEMBL705,1999
CHEMBL289480,1987
CHEMBL1071,1992
CHEMBL435298,2015
CHEMBL378544,1965
CHEMBL396778,2015
CHEMBL1465,1957
CHEMBL1587,1961
CHEMBL1607,1996
CHEMBL1643,1985
CHEMBL502182,2018
CHEMBL1706,1971
CHEMBL1714,1970
CHEMBL1079742,2004
CHEMBL1201022,1987
CHEMBL1201540,1982
CHEMBL1201735,2008
CHEMBL1852688,2021
CHEMBL2106615,2009
CHEMBL2109171,2002
CHEMBL3348923,2024
CHEMBL3545183,2016
CHEMBL3989915,2021
CHEMBL3989919,2018
CHEMBL4297830,2022
CHEMBL5314342,1960
CHEMBL5315125,2018
CHEMBL454,1983
CHEMBL428647,1992
CHEMBL500,1982
CHEMBL103,1976
CHEMBL1231,1975
CHEMBL1569,1968
CHEMBL1200322,2002
CHEMBL1200339,1952
CHEMBL1200495,1955
CHEMBL1200618,1996
CHEMBL1201156,1964
CHEMBL1201613,2004
CHEMBL1628234,1969
CHEMBL2105712,2013
CHEMBL2105719,2018
CHEMBL2107873,2018
CHEMBL3183075,1988
CHEMBL3301612,2018
CHEMBL3989933,2023
CHEMBL4297843,2023
CHEMBL4594338,2023
CHEMBL6068336,2024
CHEMBL817,1966
CHEMBL1423,1984
CHEMBL404108,2005
CHEMBL1702,2002
CHEMBL1200814,1982
CHEMBL1201341,1960
CHEMBL1201554,2006
CHEMBL1201515,2002
CHEMBL1201561,2000
CHEMBL1201830,2008
CHEMBL2103735,1999
CHEMBL2108282,2012
CHEMBL2108429,2015
CHEMBL2108658,2022
CHEMBL3218576,2017
CHEMBL3301675,2012
CHEMBL3545189,2018
CHEMBL3608680,2023
CHEMBL3707320,2015
CHEMBL3989820,1992
CHEMBL3989920,2017
CHEMBL4297841,2021
CHEMBL4298185,2021
CHEMBL655,1985
CHEMBL1100,1949
CHEMBL1404,2006
CHEMBL1515,1950
CHEMBL569713,1979
CHEMBL1200323,1984
CHEMBL1200418,1978
CHEMBL1200865,1998
CHEMBL1201163,1984
CHEMBL1201569,2000
CHEMBL1398126,1981
CHEMBL2107826,2018
CHEMBL2108730,2017
CHEMBL3137318,2018
CHEMBL3301574,2018
CHEMBL3989510,1969
CHEMBL3989519,1965
CHEMBL3989931,2017
CHEMBL4297566,2021
CHEMBL4297950,2023
CHEMBL4650275,2020
CHEMBL5315120,2021
CHEMBL723,1995
CHEMBL61593,1982
CHEMBL1308,1997
CHEMBL404849,1979
CHEMBL1497,1967
CHEMBL254219,1982
CHEMBL1685,1989
CHEMBL1737,1998
CHEMBL1752,1951
CHEMBL1200645,1996
CHEMBL1200760,2000
CHEMBL1200885,2000
CHEMBL1200959,1982
CHEMBL1201464,2000
CHEMBL1743079,2020
CHEMBL2105754,2015
CHEMBL2145077,2005
CHEMBL4297185,2019
CHEMBL4594273,2023
CHEMBL5095050,2021
CHEMBL6067972,2006
CHEMBL6622,1986
CHEMBL547,1982
CHEMBL291657,2024
CHEMBL1014,1998
CHEMBL429910,2012
CHEMBL462605,2016
CHEMBL1692,1959
CHEMBL1200521,2001
CHEMBL1201439,1998
CHEMBL1201513,1982
CHEMBL2028852,2008
CHEMBL2043437,2018
CHEMBL2105740,2006
CHEMBL2107333,2013
CHEMBL2107831,2018
CHEMBL2108290,2009
CHEMBL3137309,2016
CHEMBL3301581,2017
CHEMBL6068339,2008
CHEMBL19019,1984
CHEMBL646,1978
CHEMBL675,1995
CHEMBL728,1956
CHEMBL1042,1999
CHEMBL1194,1965
CHEMBL1200534,1995
CHEMBL1200764,1986
CHEMBL1201780,2003
CHEMBL1201831,2008
CHEMBL1770248,2017
CHEMBL2105759,2017
CHEMBL2108675,2017
CHEMBL2364609,2019
CHEMBL4297990,2022
CHEMBL4298037,2023
CHEMBL6068423,2021
CHEMBL457,1981
CHEMBL468,1956
CHEMBL494,2003
CHEMBL513,1977
CHEMBL98,2006
CHEMBL14370,1997
CHEMBL56337,1992
CHEMBL972,1989
CHEMBL1025,1957
CHEMBL1073,1984
CHEMBL1393,1960
CHEMBL1653,1994
CHEMBL1717,1991
CHEMBL1095292,1982
CHEMBL1083659,2014
CHEMBL2105684,2020
CHEMBL3707227,2016
CHEMBL3936761,2019
CHEMBL3989698,1961
CHEMBL3989909,2023
CHEMBL3989944,2019
CHEMBL4298124,2021
CHEMBL4299940,2022
CHEMBL5314379,2021
CHEMBL6068328,2023
CHEMBL25,1950
CHEMBL526,1989
CHEMBL17879,2021
CHEMBL672,1993
CHEMBL704,1987
CHEMBL1108,1970
CHEMBL1311,1991
CHEMBL270190,2008
CHEMBL1671,1967
CHEMBL1200384,1975
CHEMBL1200750,1951
CHEMBL1201142,2005
CHEMBL1201167,2006
CHEMBL1201560,2002
CHEMBL1201584,1993
CHEMBL1201731,2007
CHEMBL1834657,2021
CHEMBL2107874,2019
CHEMBL2108175,2013
CHEMBL2443262,2020
CHEMBL3545132,2022
CHEMBL3590187,2020
CHEMBL3707243,2018
CHEMBL3707359,2022
CHEMBL3833353,2005
CHEMBL4297590,2022
CHEMBL4297756,2018
CHEMBL4297832,2022
CHEMBL404271,1995
CHEMBL1768,1948
CHEMBL1096882,1991
CHEMBL1200940,1979
CHEMBL1201108,2005
CHEMBL1201168,1959
CHEMBL1201538,1996
CHEMBL1201536,1984
CHEMBL1201644,1985
CHEMBL1201728,2008
CHEMBL1237055,1984
CHEMBL1743047,2015
CHEMBL1790041,1983
CHEMBL1800159,2019
CHEMBL2024517,2015
CHEMBL2108350,2010
CHEMBL2108594,2001
CHEMBL2338329,2021
CHEMBL2364648,2017
CHEMBL2397415,2023
CHEMBL3301587,2017
CHEMBL3989826,1950
CHEMBL4071161,2020
CHEMBL4297730,2024
CHEMBL25202,2005
CHEMBL1224,1994
CHEMBL1200501,1989
CHEMBL1200862,1979
CHEMBL1201179,2007
CHEMBL1201573,1997
CHEMBL1743081,2021
CHEMBL2105581,1979
CHEMBL2105629,2009
CHEMBL2109065,2001
CHEMBL3989922,2017
CHEMBL3989958,2018
CHEMBL4101807,2019
CHEMBL4297536,2018
CHEMBL3,1984
CHEMBL456,1967
CHEMBL681,1982
CHEMBL806,1989
CHEMBL160,1983
CHEMBL902,1986
CHEMBL1051,1996
CHEMBL1118,2008
CHEMBL1571,1969
CHEMBL1577,1960
CHEMBL1200402,1992
CHEMBL1200895,1961
CHEMBL1201037,1990
CHEMBL1201568,2002
CHEMBL1201668,2001
CHEMBL1201616,2002
CHEMBL1201828,2007
CHEMBL2107857,2014
CHEMBL2109624,2018
CHEMBL3237547,2020
CHEMBL3358920,2023
CHEMBL4303525,2023
CHEMBL4802254,2024
CHEMBL5314382,2014
CHEMBL5315048,2023
CHEMBL570,1957
CHEMBL289469,1993
CHEMBL934,1961
CHEMBL940,1993
CHEMBL1201,1967
CHEMBL207538,2019
CHEMBL1611,1956
CHEMBL1173055,2016
CHEMBL1200500,1976
CHEMBL1201066,1993
CHEMBL1201692,1995
CHEMBL1743041,2018
CHEMBL2105395,2013
CHEMBL2106483,2021
CHEMBL2107355,2016
CHEMBL2107866,2012
CHEMBL2146102,2021
CHEMBL3137326,2017
CHEMBL3707326,2018
CHEMBL3989833,2002
CHEMBL4297839,2022
CHEMBL4594335,2023
CHEMBL5095275,2023
CHEMBL5315118,2003
CHEMBL698,2005
CHEMBL231779,2011
CHEMBL1668,1956
CHEMBL1096885,1998
CHEMBL1095097,2002
CHEMBL1200485,2005
CHEMBL1200491,2003
CHEMBL1201746,2009
CHEMBL1315867,1974
CHEMBL1615779,2018
CHEMBL1779710,2015
CHEMBL2103870,2015
CHEMBL2106643,2004
CHEMBL2108041,2017
CHEMBL2108791,2000
CHEMBL2219416,2014
CHEMBL3188993,1997
CHEMBL3655081,2021
CHEMBL3707314,2007
CHEMBL4297509,2023
CHEMBL4594292,2021
CHEMBL4594535,2024
CHEMBL4650241,2023
CHEMBL5095052,2020
CHEMBL6068395,2024
CHEMBL16,1953
CHEMBL450,1982
CHEMBL717,1959
CHEMBL1456,1995
CHEMBL414357,2005
CHEMBL237500,2011
CHEMBL238804,2015
CHEMBL193,1981
CHEMBL1648,1990
CHEMBL525610,2002
CHEMBL1670,1970
CHEMBL1697,1982
CHEMBL1703,1995
CHEMBL1200762,1965
CHEMBL1200980,1977
CHEMBL1201488,2004
CHEMBL1201585,1998
CHEMBL1201557,1997
CHEMBL1256818,1984
CHEMBL2105741,2013
CHEMBL3301607,2020
CHEMBL3306803,2019
CHEMBL3707393,2020
CHEMBL3989724,1970
CHEMBL4297545,2017
CHEMBL4594248,1986
CHEMBL5314377,1999
CHEMBL568,1965
CHEMBL628,1984
CHEMBL1168,1991
CHEMBL1200338,1989
CHEMBL1200413,1979
CHEMBL1200986,1986
CHEMBL1201550,1999
CHEMBL1201420,1982
CHEMBL2095222,2010
CHEMBL2105675,2011
CHEMBL2105708,2012
CHEMBL2108278,2016
CHEMBL2109137,1999
CHEMBL2364655,2015
CHEMBL3353410,2015
CHEMBL4113131,2024
CHEMBL12,1963
CHEMBL45,2007
CHEMBL111,2006
CHEMBL696,1960
CHEMBL969,1982
CHEMBL1693,1959
CHEMBL1700,1992
CHEMBL1200419,1974
CHEMBL1200848,1975
CHEMBL1201716,2005
CHEMBL1287853,2019
CHEMBL2107869,2013
CHEMBL2108147,1997
CHEMBL2218894,1993
CHEMBL3707247,2020
CHEMBL3707276,2021
CHEMBL3707330,2015
CHEMBL3989555,1957
CHEMBL4085457,2023
CHEMBL4297549,2011
CHEMBL4594214,2004
CHEMBL4650269,2023
CHEMBL5315123,2021
CHEMBL521,1974
CHEMBL688,1968
CHEMBL715,1996
CHEMBL34259,1953
CHEMBL1723,2003
CHEMBL576982,2023
CHEMBL1200409,1948
CHEMBL1200436,1964
CHEMBL1201117,1957
CHEMBL1201146,1973
CHEMBL1201190,2007
CHEMBL1201567,1991
CHEMBL1201467,2004
CHEMBL1201729,2009
CHEMBL1201773,2009
CHEMBL1237082,1956
CHEMBL1743068,2015
CHEMBL1929396,2012
CHEMBL3182733,1997
CHEMBL3545110,2017
CHEMBL3833307,2020
CHEMBL3989986,2018
CHEMBL4297750,2022
CHEMBL4559134,2020
CHEMBL4594584,2018
CHEMBL4802262,2020
CHEMBL5095475,2023
CHEMBL5314348,2000
CHEMBL5315050,2000
CHEMBL408,1997
CHEMBL409,1995
CHEMBL421,1950
CHEMBL128,1992
CHEMBL650,1957
CHEMBL711,1982
CHEMBL1303,2006
CHEMBL1451,1957
CHEMBL1522,2004
CHEMBL1633,1999
CHEMBL1720,2003
CHEMBL551466,2012
CHEMBL1200329,1996
CHEMBL1200420,1985
CHEMBL1200875,1970
CHEMBL1201438,1992
CHEMBL1201733,2009
CHEMBL1355736,1976
CHEMBL1615374,2011
CHEMBL2336071,2019
CHEMBL3545367,2020
CHEMBL3833329,2018
CHEMBL3989693,2005
CHEMBL4297873,2000
CHEMBL4297879,2015
CHEMBL5095303,2022
CHEMBL5095440,2024
CHEMBL802,1979
CHEMBL831,1975
CHEMBL917,1970
CHEMBL431770,2013
CHEMBL110458,2016
CHEMBL227529,2013
CHEMBL1676,2007
CHEMBL1096146,2021
CHEMBL1200681,1998
CHEMBL1200873,1952
CHEMBL1200977,1987
CHEMBL1201611,1999
CHEMBL1204187,2023
CHEMBL1206690,2002
CHEMBL1417019,1987
CHEMBL1889140,1996
CHEMBL2106217,1963
CHEMBL2107360,2009
CHEMBL3039526,2020
CHEMBL3545313,2020
CHEMBL3545368,2015
CHEMBL3716057,2023
CHEMBL3989677,1943
CHEMBL4297955,1982
CHEMBL4650226,2024
CHEMBL406,1983
CHEMBL79,1948
CHEMBL93,1996
CHEMBL134,1974
CHEMBL24778,2008
CHEMBL193482,2000
CHEMBL1513,1997
CHEMBL405110,2011
CHEMBL1200399,1986
CHEMBL1200870,1978
CHEMBL1201139,1971
CHEMBL2062266,1983
CHEMBL2107834,2013
CHEMBL2108702,2024
CHEMBL2109334,2020
CHEMBL3545191,2021
CHEMBL4279047,2024
CHEMBL4594217,2011
CHEMBL6067995,2020
CHEMBL701,1977
CHEMBL772,1960
CHEMBL877,1986
CHEMBL908,1967
CHEMBL1280,1981
CHEMBL1519,1996
CHEMBL1083993,1985
CHEMBL1200395,1959
CHEMBL1200472,1985
CHEMBL1200503,1978
CHEMBL1201057,1985
CHEMBL1201619,1993
CHEMBL1237023,2010
CHEMBL1276308,2000
CHEMBL2103736,1976
CHEMBL2103741,1982
CHEMBL2103883,2018
CHEMBL2108184,2012
CHEMBL2108581,2009
CHEMBL2108677,2014
CHEMBL2108738,2015
CHEMBL3545063,2015
CHEMBL4297844,2019
CHEMBL4594333,2021
CHEMBL4594511,2022
CHEMBL459,1962
CHEMBL71,1957
CHEMBL85,1993
CHEMBL92,1995
CHEMBL559,1967
CHEMBL750,2000
CHEMBL998,1993
CHEMBL514800,2014
CHEMBL1684,1959
CHEMBL1076903,2006
CHEMBL1200326,1988
CHEMBL1200795,1977
CHEMBL1200854,1972
CHEMBL1201657,1939
CHEMBL1201649,1942
CHEMBL1237132,2008
CHEMBL2105648,2023
CHEMBL2348780,2023
CHEMBL3039504,2014
CHEMBL3039596,1991
CHEMBL3989559,2000
CHEMBL4297610,2022
CHEMBL4301162,2021
CHEMBL15770,1978
CHEMBL832,1959
CHEMBL865,2001
CHEMBL898,1982
CHEMBL967,1981
CHEMBL1162,1962
CHEMBL1471,2003
CHEMBL398435,2010
CHEMBL1555,2001
CHEMBL1558,1976
CHEMBL515387,2016
CHEMBL571546,2020
CHEMBL1200467,1959
CHEMBL1200845,1974
CHEMBL1201103,1982
CHEMBL1201562,1996
CHEMBL1743010,2015
CHEMBL2048028,2016
CHEMBL2105704,2015
CHEMBL2364653,2021
CHEMBL3301611,2009
CHEMBL5315053,2016
CHEMBL5483015,2000
CHEMBL656,1950
CHEMBL783,2000
CHEMBL846,1978
CHEMBL1098,1972
CHEMBL343448,2009
CHEMBL1274,1996
CHEMBL220492,1996
CHEMBL1509,2001
CHEMBL1589,1964
CHEMBL1621,2006
CHEMBL1200556,1978
CHEMBL1200604,1960
CHEMBL1200799,2001
CHEMBL1201593,1996
CHEMBL1201832,2008
CHEMBL1628227,1969
CHEMBL2109540,2015
CHEMBL3544909,1980
CHEMBL3707313,2019
CHEMBL3833342,2016
CHEMBL3889654,2018
CHEMBL4650220,2023
CHEMBL5095401,2023
CHEMBL5314934,2024
CHEMBL20,1953
CHEMBL21536,2024
CHEMBL1428,1988
CHEMBL1200778,1995
CHEMBL1201063,1989
CHEMBL1201177,1985
CHEMBL1201748,2010
CHEMBL2103802,2012
CHEMBL2105711,2014
CHEMBL2105743,2014
CHEMBL2108427,1975
CHEMBL3039545,2019
CHEMBL3084748,2004
CHEMBL3646221,2023
CHEMBL3707229,2021
CHEMBL3786343,2016
CHEMBL4297723,2018
CHEMBL4594288,2019
CHEMBL5314341,1998
CHEMBL499,1978
CHEMBL779,2002
CHEMBL812,1955
CHEMBL91397,2001
CHEMBL1166,2000
CHEMBL142635,1999
CHEMBL1421,2006
CHEMBL225071,1996
CHEMBL395091,2019
CHEMBL589586,2020
CHEMBL1200794,1959
CHEMBL1200879,1954
CHEMBL1200974,1982
CHEMBL1201159,2006
CHEMBL1201759,2009
CHEMBL1615372,2010
CHEMBL2103827,2014
CHEMBL2105613,1983
CHEMBL2109204,2018
CHEMBL2216870,2014
CHEMBL3301589,2019
CHEMBL3545068,2017
CHEMBL3545432,2015
CHEMBL3989989,2018
CHEMBL4297762,2019
CHEMBL4297862,2019
CHEMBL4297951,2016
CHEMBL4298189,2022
CHEMBL6068400,2024
CHEMBL43452,2013
CHEMBL918,1951
CHEMBL1017,1998
CHEMBL313972,1992
CHEMBL117785,2008
CHEMBL1185,1997
CHEMBL198362,2008
CHEMBL521606,1979
CHEMBL1683,1982
CHEMBL1089221,1984
CHEMBL1200613,1976
CHEMBL1201027,1961
CHEMBL1201556,1997
CHEMBL1237065,1995
CHEMBL1257040,1959
CHEMBL2108709,2010
CHEMBL2147777,2012
CHEMBL3989562,1987
CHEMBL4594503,2023
CHEMBL4594505,2022
CHEMBL5095049,2022
CHEMBL710,1992
CHEMBL328190,2009
CHEMBL1184,1973
CHEMBL400599,1974
CHEMBL1694,1991
CHEMBL1200473,1974
CHEMBL1200804,1993
CHEMBL1201010,1955
CHEMBL1722209,1998
CHEMBL3707275,2018
CHEMBL4216467,2020
CHEMBL4297788,2022
CHEMBL10878,2009
CHEMBL285674,1990
CHEMBL848,2005
CHEMBL296419,1988
CHEMBL230158,2024
CHEMBL1501,1971
CHEMBL1503,1989
CHEMBL1551,1987
CHEMBL1718,1971
CHEMBL1084172,2013
CHEMBL1200343,1993
CHEMBL1200636,1977
CHEMBL1200775,1985
CHEMBL1200826,1970
CHEMBL1201119,1956
CHEMBL1237105,1979
CHEMBL1568698,2022
CHEMBL2106195,1999
CHEMBL2108253,1996
CHEMBL2108611,2017
CHEMBL2108681,2018
CHEMBL2108974,2002
CHEMBL3137343,2014
CHEMBL3188267,2020
CHEMBL4594581,2024
CHEMBL433,1996
CHEMBL35,1966
CHEMBL550,1974
CHEMBL122,1999
CHEMBL654,1996
CHEMBL697,1957
CHEMBL1544,1956
CHEMBL1678,1996
CHEMBL1200682,2002
CHEMBL1200853,1982
CHEMBL1201149,1984
CHEMBL1201777,2008
CHEMBL1201837,2009
CHEMBL1743070,2014
CHEMBL1795072,2004
CHEMBL2007641,2012
CHEMBL2107383,2010
CHEMBL2218861,2004
CHEMBL2448612,1948
CHEMBL3989977,2018
CHEMBL4298209,2020
CHEMBL17,1958
CHEMBL43,1987
CHEMBL112,1968
CHEMBL580,1977
CHEMBL1252,2003
CHEMBL1389,1982
CHEMBL1512,1981
CHEMBL471737,2005
CHEMBL557555,1985
CHEMBL1200386,1991
CHEMBL1200437,1950
CHEMBL1200751,1953
CHEMBL1200813,1984
CHEMBL1201129,2006
CHEMBL1441059,1982
CHEMBL2108354,2022
CHEMBL3039508,2017
CHEMBL3833393,2017
CHEMBL3989868,2020
CHEMBL4297240,2020
CHEMBL4298126,2013
CHEMBL4298171,2022
CHEMBL4650299,2023
CHEMBL407,1991
CHEMBL411,1973
CHEMBL979,1955
CHEMBL1138,2002
CHEMBL1172,2001
CHEMBL1370,1994
CHEMBL426084,2021
CHEMBL220491,1998
CHEMBL359744,1974
CHEMBL1200406,1972
CHEMBL1200822,1985
CHEMBL1200890,1950
CHEMBL1200927,1981
CHEMBL1201081,1959
CHEMBL1201101,1978
CHEMBL1237022,2005
CHEMBL1607273,1995
CHEMBL2105695,2017
CHEMBL2108334,1996
CHEMBL2360464,2004
CHEMBL5315119,2019
CHEMBL6068334,2022
CHEMBL118,1998
CHEMBL730,1981
CHEMBL856,1954
CHEMBL861,1946
CHEMBL1055,1960
CHEMBL1064,1991
CHEMBL1096,1996
CHEMBL1111,2007
CHEMBL95889,1996
CHEMBL1614,1982
CHEMBL1657,1997
CHEMBL1200601,1998
CHEMBL1200606,1985
CHEMBL1200686,2001
CHEMBL1200689,1999
CHEMBL1200969,2001
CHEMBL1200983,1991
CHEMBL1201032,1998
CHEMBL1237135,1980
CHEMBL1743049,2016
CHEMBL1767408,2010
CHEMBL2103875,2013
CHEMBL2108035,2010
CHEMBL3137320,2018
CHEMBL3707183,1962
CHEMBL3989844,1996
CHEMBL4297216,2019
CHEMBL4297220,2021
CHEMBL4297889,2023
CHEMBL5315075,2015
CHEMBL38,1971
CHEMBL12713,1996
CHEMBL1026,1997
CHEMBL1218,2005
CHEMBL1489,2004
CHEMBL1200912,1973
CHEMBL1201006,1973
CHEMBL1201466,1999
CHEMBL1201765,2007
CHEMBL1201770,2008
CHEMBL1229517,2011
CHEMBL1743029,2018
CHEMBL1743048,2013
CHEMBL2364649,2020
CHEMBL3137317,2015
CHEMBL3261331,2024
CHEMBL3545059,2007
CHEMBL3833368,2016
CHEMBL3989923,2017
CHEMBL3989939,2018
CHEMBL4208229,2021
CHEMBL5315126,1996
CHEMBL473,1999
CHEMBL535,2006
CHEMBL956,1985
CHEMBL1072,1983
CHEMBL1095,1957
CHEMBL1120,1996
CHEMBL1265,1996
CHEMBL175,1994
CHEMBL1467,1966
CHEMBL452231,1992
CHEMBL1200914,1997
CHEMBL1201134,2006
CHEMBL1201566,2001
CHEMBL1201505,1964
CHEMBL2079587,1962
CHEMBL2109092,1997
CHEMBL2134724,1986
CHEMBL3544906,1960
CHEMBL3989676,1960
CHEMBL4297223,2022
CHEMBL4594618,2020
CHEMBL6068492,2023
CHEMBL18116,1984
CHEMBL796,1955
CHEMBL136478,1981
CHEMBL408513,2014
CHEMBL607400,2016
CHEMBL1200444,1986
CHEMBL1201496,1999
CHEMBL1201782,2008
CHEMBL1743062,2014
CHEMBL2105732,2013
CHEMBL3137308,2019
CHEMBL3833384,2022
CHEMBL3989921,2017
CHEMBL4594382,2024
CHEMBL4802239,2021
CHEMBL24828,2011
CHEMBL58323,2008
CHEMBL964,1951
CHEMBL319144,2009
CHEMBL1620,1946
CHEMBL1691,1985
CHEMBL1200787,1953
CHEMBL1201061,1999
CHEMBL1201162,1994
CHEMBL1201182,2007
CHEMBL1201549,1987
CHEMBL1201545,1982
CHEMBL1201476,1993
CHEMBL1744447,2003
CHEMBL1873475,2013
CHEMBL1946170,2012
CHEMBL2018096,2014
CHEMBL2364639,2017
CHEMBL3833346,2023
CHEMBL3833373,2017
CHEMBL4582651,2020
CHEMBL5314380,2012
CHEMBL5315122,2003
CHEMBL603,1996
CHEMBL766,1985
CHEMBL188952,1987
CHEMBL1773,1998
CHEMBL1200430,2003
CHEMBL1200554,2000
CHEMBL1200569,1999
CHEMBL1200666,1993
CHEMBL1201132,1979
CHEMBL1201662,1997
CHEMBL1201468,1977
CHEMBL1201821,2005
CHEMBL2103739,1997
CHEMBL2103743,2012
CHEMBL3189072,1998
CHEMBL3301622,2018
CHEMBL3545252,1995
CHEMBL3545311,2017
CHEMBL3989830,1997
CHEMBL3989962,2017
CHEMBL4297774,2021
CHEMBL4297778,2021
CHEMBL4297819,2019
CHEMBL571,1986
CHEMBL288441,2012
CHEMBL1445,1956
CHEMBL243712,1986
CHEMBL1472,1976
CHEMBL512351,2017
CHEMBL561157,2020
CHEMBL1200335,1953
CHEMBL1200492,1994
CHEMBL1200733,1992
CHEMBL1200748,1975
CHEMBL1200791,1986
CHEMBL1201109,1972
CHEMBL1201607,2004
CHEMBL1201570,2001
CHEMBL1237102,1993
CHEMBL2107830,2014
CHEMBL3186492,1991
CHEMBL3707290,2020
CHEMBL3833319,2018
CHEMBL4297522,2020
CHEMBL5315093,2016
CHEMBL5723563,2014
CHEMBL6067988,2016
CHEMBL14,1972
CHEMBL962,1995
CHEMBL1536,1941
CHEMBL476960,1994
CHEMBL1698,1985
CHEMBL1711,1956
CHEMBL1200374,1999
CHEMBL1200440,1960
CHEMBL1201565,1989
CHEMBL1201629,1980
CHEMBL1788132,2018
CHEMBL2062163,1976
CHEMBL2105760,2015
CHEMBL3301627,2019
CHEMBL3544914,2018
CHEMBL3707223,2024
CHEMBL3989695,2008
CHEMBL3989855,1963
CHEMBL4297213,2014
CHEMBL6068340,2018
CHEMBL565,1967
CHEMBL605,1950
CHEMBL163,1996
CHEMBL1695,1997
CHEMBL1200517,1946
CHEMBL1200641,1995
CHEMBL1200699,1967
CHEMBL1200843,1946
CHEMBL1200946,1983
CHEMBL1201627,1985
CHEMBL1201583,2004
CHEMBL1201414,2000
CHEMBL1201823,2006
CHEMBL1742991,2017
CHEMBL1983268,2019
CHEMBL2108286,2013
CHEMBL2108336,2013
CHEMBL2178422,2020
CHEMBL2218917,2000
CHEMBL3301603,2018
CHEMBL4298199,2021
CHEMBL4650319,2021
CHEMBL4802223,2021
CHEMBL6068333,2009
CHEMBL477,1989
CHEMBL101,1980
CHEMBL135,1975
CHEMBL44657,1983
CHEMBL48582,2015
CHEMBL1091,1951
CHEMBL1272,1997
CHEMBL178,1979
CHEMBL1705,1974
CHEMBL1200710,1989
CHEMBL1201497,2000
CHEMBL1201666,1997
CHEMBL1201460,1994
CHEMBL1201717,2005
CHEMBL1364144,1959
CHEMBL1789842,2009
CHEMBL2368924,1997
CHEMBL3183409,2018
CHEMBL3188034,1982
CHEMBL3544971,1960
CHEMBL3989861,2013
CHEMBL3990034,2024
CHEMBL4298128,2019
CHEMBL4435170,2022
CHEMBL495,1981
CHEMBL19449,1989
CHEMBL1148,1993
CHEMBL178803,2008
CHEMBL1580,1991
CHEMBL451887,2009
CHEMBL1200609,2003
CHEMBL1200825,1947
CHEMBL1201087,1996
CHEMBL1201509,1973
CHEMBL1201697,1975
CHEMBL1237061,2009
CHEMBL2064032,2022
CHEMBL2105762,2015
CHEMBL2108508,1986
CHEMBL2448613,2016
CHEMBL3039507,2019
CHEMBL3989887,1994
CHEMBL3989973,2019
CHEMBL6067642,1952
CHEMBL599,2000
CHEMBL632,1961
CHEMBL686,1967
CHEMBL741,1994
CHEMBL154,1976
CHEMBL1112,2002
CHEMBL1337,2002
CHEMBL193240,2010
CHEMBL384467,1958
CHEMBL247951,2017
CHEMBL1642,2001
CHEMBL1701,1942
CHEMBL1200692,2002
CHEMBL1200761,1982
CHEMBL1200809,1996
CHEMBL1200907,1984
CHEMBL1200987,1997
CHEMBL1201012,1965
CHEMBL1201589,2003
CHEMBL1201825,2006
CHEMBL1237104,1957
CHEMBL1289926,2012
CHEMBL1562610,1980
CHEMBL1614701,2020
CHEMBL2095206,2012
CHEMBL3989767,1978
CHEMBL567,1957
CHEMBL585,1964
CHEMBL1200598,1982
CHEMBL1200781,1998
CHEMBL1200930,1999
CHEMBL1200961,1957
CHEMBL1201604,2003
CHEMBL1201576,1997
CHEMBL1314751,1956
CHEMBL1743043,2018
CHEMBL1770916,2023
CHEMBL1951071,2006
CHEMBL1963683,2012
CHEMBL2103784,1970
CHEMBL2105755,2017
CHEMBL2181927,2021
CHEMBL2364612,2017
CHEMBL2364629,2020
CHEMBL3833321,2023
CHEMBL4297840,2023
CHEMBL4298150,2019
CHEMBL4650393,2023
CHEMBL480,1995
CHEMBL498,1958
CHEMBL842,1958
CHEMBL932,1961
CHEMBL65375,2015
CHEMBL386630,1972
CHEMBL185,1962
CHEMBL511142,1981
CHEMBL1637,1996
CHEMBL451930,2018
CHEMBL1699,2002
CHEMBL601719,2011
CHEMBL1200509,1991
CHEMBL1200644,2001
CHEMBL1200810,1999
CHEMBL1200841,1954
CHEMBL1201520,1986
CHEMBL2028987,2008
CHEMBL2103738,1980
CHEMBL2165326,2024
CHEMBL4250860,2024
CHEMBL4297666,2022
CHEMBL5314649,2023
CHEMBL436,1989
CHEMBL503,1987
CHEMBL278623,2017
CHEMBL131,1955
CHEMBL843,1999
CHEMBL984,1992
CHEMBL1009,1970
CHEMBL1152,1955
CHEMBL395429,1980
CHEMBL256087,2008
CHEMBL1716,1961
CHEMBL1200659,1985
CHEMBL1200964,1961
CHEMBL1201003,2002
CHEMBL1201044,1990
CHEMBL1742996,2017
CHEMBL2146146,1960
CHEMBL2364607,2015
CHEMBL3039520,2020
CHEMBL3137310,2018
CHEMBL3301582,2019
CHEMBL3668014,2022
CHEMBL4297579,2022
CHEMBL4298139,2021
CHEMBL4594448,2023
CHEMBL5416410,2006
CHEMBL413,1999
CHEMBL19236,1991
CHEMBL19299,1986
CHEMBL661,1981
CHEMBL139,1988
CHEMBL786,1977
CHEMBL878,1973
CHEMBL1133,1975
CHEMBL1161,1987
CHEMBL180022,2017
CHEMBL1766,1977
CHEMBL1200396,1972
CHEMBL1200470,2005
CHEMBL1201419,2000
CHEMBL1201835,2009
CHEMBL2040682,2006
CHEMBL3707266,2017
CHEMBL3813873,2019
CHEMBL3894860,2021
CHEMBL4558324,2024
CHEMBL5095451,2023
CHEMBL897,1951
CHEMBL70972,1995
CHEMBL86304,1990
CHEMBL389621,1952
CHEMBL1557,1974
CHEMBL1567,2006
CHEMBL1659,1950
CHEMBL484785,2016
CHEMBL1094636,2017
CHEMBL1200494,1986
CHEMBL1200675,1996
CHEMBL1200724,1975
CHEMBL1200803,2004
CHEMBL1201150,1992
CHEMBL1375743,2001
CHEMBL2105682,2015
CHEMBL2108319,2014
CHEMBL2218896,1985
CHEMBL3707246,2020
CHEMBL3707357,2019
CHEMBL4650215,2024
CHEMBL4650216,2022
CHEMBL4650272,2021
CHEMBL6067980,1981
CHEMBL451,1960
CHEMBL479,1962
CHEMBL1046,1964
CHEMBL1059,2004
CHEMBL87992,2009
CHEMBL363392,2021
CHEMBL538943,1994
CHEMBL1200671,1990
CHEMBL1201014,1973
CHEMBL1201564,1999
CHEMBL1370561,1940
CHEMBL1742994,2011
CHEMBL2105729,2013
CHEMBL3707328,2018
CHEMBL3989569,1996
CHEMBL3989949,2020
CHEMBL108,1968
CHEMBL21333,1995
CHEMBL973,2012
CHEMBL1023,1999
CHEMBL1034,1988
CHEMBL1200434,1981
CHEMBL1200600,1972
CHEMBL1200694,1995
CHEMBL1200935,2004
CHEMBL1200963,2001
CHEMBL1201477,1957
CHEMBL1237080,1993
CHEMBL1434513,1950
CHEMBL2095208,2012
CHEMBL2109047,1989
CHEMBL3181947,1997
CHEMBL3545376,2019
CHEMBL3989514,1996
CHEMBL4297852,2017
CHEMBL4650273,2020
CHEMBL42,1989
CHEMBL608,1977
CHEMBL282724,2006
CHEMBL1240,1953
CHEMBL382301,2000
CHEMBL1405,1979
CHEMBL225072,2004
CHEMBL490665,2009
CHEMBL550755,2017
CHEMBL1201563,1993
CHEMBL1201747,2010
CHEMBL2005186,2021
CHEMBL4297064,2009
CHEMBL4297517,2022
CHEMBL4297986,2001
CHEMBL4303669,2001
CHEMBL6068478,2024
CHEMBL464,1986
CHEMBL416146,2002
CHEMBL714,1981
CHEMBL1116,1997
CHEMBL1282,1997
CHEMBL1324,1997
CHEMBL256907,2007
CHEMBL566315,2016
CHEMBL1078178,2023
CHEMBL1200904,1989
CHEMBL1200989,1982
CHEMBL1201539,1966
CHEMBL1201752,2007
CHEMBL1201833,2009
CHEMBL2010601,2012
CHEMBL2021430,1959
CHEMBL2035187,2022
CHEMBL2062335,1978
CHEMBL2105756,2017
CHEMBL2107387,2013
CHEMBL2146140,2013
CHEMBL2362410,2024
CHEMBL3989869,2021
CHEMBL4297537,2018
CHEMBL4297809,2023
CHEMBL4298086,2023
CHEMBL4585668,2021
CHEMBL4594287,2024
CHEMBL4594311,2019
CHEMBL4594350,2022
CHEMBL448,1973
CHEMBL563,1986
CHEMBL18442,2008
CHEMBL636,1998
CHEMBL799,1999
CHEMBL803,1969
CHEMBL539423,2023
CHEMBL1504,1960
CHEMBL1542,1968
CHEMBL518924,2024
CHEMBL1200479,1950
CHEMBL1200951,1967
CHEMBL1201067,1961
CHEMBL1201174,2006
CHEMBL1742982,2011
CHEMBL2070241,2019
CHEMBL2138684,2001
CHEMBL2325741,2023
CHEMBL3545262,2020
CHEMBL3559672,1954
CHEMBL3991065,2021
CHEMBL4535757,2021
CHEMBL4594293,2020
CHEMBL4594598,2016
CHEMBL4802263,2022
CHEMBL5314366,2001
CHEMBL24,1981
CHEMBL435,1959
CHEMBL691,1982
CHEMBL1256,1979
CHEMBL501867,1963
CHEMBL1719,1996
CHEMBL1764,1982
CHEMBL1201082,1987
CHEMBL1201124,1989
CHEMBL1201421,2004
CHEMBL1201621,1976
CHEMBL1214124,2012
CHEMBL1530428,1973
CHEMBL1615369,2008
CHEMBL1742466,2024
CHEMBL2108078,2006
CHEMBL3989740,1967
CHEMBL4164059,2016
CHEMBL4297945,2015
CHEMBL19,1959
CHEMBL30,1977
CHEMBL15870,1979
CHEMBL727,1966
CHEMBL904,2001
CHEMBL989,1963
CHEMBL419213,1987
CHEMBL1286,1999
CHEMBL1514,1993
CHEMBL1531,2001
CHEMBL1083385,1997
CHEMBL1200638,1963
CHEMBL1200721,1981
CHEMBL1200772,1982
CHEMBL1200878,1969
CHEMBL1201141,2006
CHEMBL1201155,1975
CHEMBL1201180,2007
CHEMBL1201740,2007
CHEMBL2108973,2002
CHEMBL4594603,2017
CHEMBL4594607,2023
CHEMBL5315064,2016
CHEMBL501,1960
CHEMBL22242,1990
CHEMBL782,1961
CHEMBL1029,2002
CHEMBL1069,1996
CHEMBL529437,2017
CHEMBL1159650,1985
CHEMBL1200330,1984
CHEMBL1200411,1997
CHEMBL1200477,1996
CHEMBL1200950,1982
CHEMBL1201178,2007
CHEMBL1201558,1986
CHEMBL1201575,2003
CHEMBL1523964,2016
CHEMBL2107354,2009
CHEMBL2110725,2009
CHEMBL3039540,2021
CHEMBL3545131,2020
CHEMBL3989406,1988
CHEMBL4298047,2020
CHEMBL4298092,2023
CHEMBL5315087,2001
CHEMBL109,1978
CHEMBL113,1948
CHEMBL690,1991
CHEMBL441738,2014
CHEMBL175247,1998
CHEMBL1518,1947
CHEMBL260538,2009
CHEMBL1563,1979
CHEMBL1709,1991
CHEMBL1200383,1954
CHEMBL1200461,1996
CHEMBL1200953,1997
CHEMBL1201574,1991
CHEMBL1201571,2003
CHEMBL1201532,1953
CHEMBL1201608,1986
CHEMBL1289494,2017
CHEMBL1743035,2023
CHEMBL2062264,1973
CHEMBL2103868,2012
CHEMBL2105662,2012
CHEMBL2109205,1997
CHEMBL3301610,2017
CHEMBL3544974,2009
CHEMBL3989871,2021
CHEMBL5315071,2019
CHEMBL465,1985
CHEMBL14376,2009
CHEMBL679,1965
CHEMBL939,2003
CHEMBL1068,2000
CHEMBL1511,1982
CHEMBL1722,1955
CHEMBL1726,1995
CHEMBL1201834,2009
CHEMBL2096631,1972
CHEMBL2105749,2021
CHEMBL2108570,2009
CHEMBL2109036,1996
CHEMBL2336050,2024
CHEMBL2364638,2019
CHEMBL2396661,2019
CHEMBL2403108,2014
CHEMBL3301583,2019
CHEMBL3544989,2019
CHEMBL3940890,2024
CHEMBL3989960,2024
CHEMBL3990029,2019
CHEMBL4297091,2009
CHEMBL4297147,1967
CHEMBL4297573,2018
CHEMBL4594301,2020
CHEMBL6067650,1992
CHEMBL6068337,2021
CHEMBL6,1965
CHEMBL527,1982
CHEMBL284092,2023
CHEMBL296913,2002
CHEMBL970,1981
CHEMBL75435,1994
CHEMBL317094,1993
CHEMBL340978,1982
CHEMBL181,1973
CHEMBL259571,2022
CHEMBL1650,1950
CHEMBL523299,2013
CHEMBL1201011,1991
CHEMBL1201013,1990
CHEMBL1201743,2009
CHEMBL2095211,2012
CHEMBL2095212,2012
CHEMBL3643413,2023
CHEMBL3707395,2024
CHEMBL4594379,2024
CHEMBL5315069,2018
CHEMBL6067494,1982
CHEMBL622,1991
CHEMBL1089318,2016
CHEMBL1200511,1989
CHEMBL1200617,1994
CHEMBL1201002,1988
CHEMBL1201023,1957
CHEMBL3187723,2018
CHEMBL4105630,2023
CHEMBL4297700,2021
